,A,B,C,D
2000-01-01,0.013492917746659285,0.6667340134623377,-0.7884014449845669,0.08881523693489786
2000-01-02,-0.37839322366155276,-0.3982601860024978,-0.2234645403355895,-0.5652237040529514
2000-01-03,0.11459332551020102,-1.3316849978388166,0.02651110194994169,0.0546564397699385
2000-01-04,-1.6401136221717676,-1.6496872095036754,0.7486161890065839,1.520466941047035
2000-01-05,-1.1506787606734217,-1.6182911316854862,-0.8924945547384651,1.698167192928028
2000-01-06,-1.7840961989171547,-1.4499792143806849,-1.3275971684593468,0.8135059826114867
2000-01-07,-2.5127200589208254,-2.2964615079620403,-1.0524979252419935,0.6057520730127128
2000-01-08,-4.007932501691481,-0.9044468613990861,0.5988528258900787,-0.6137300127641545
2000-01-09,-3.5790129741020587,-0.8691588856877636,-0.07392998438476628,-2.199185046084409
2000-01-10,-2.9865359617270584,-0.8886066897440905,-0.5658644719384361,-2.5721588387081686
2000-01-11,-2.744970547386311,0.4354239591685465,-1.8126177333056441,-2.289727749465423
2000-01-12,-1.8631060134580424,1.575295550266347,-0.9233685903738413,-0.5207427555192785
2000-01-13,-1.4265301711387999,1.2678814116482344,-1.496311341614214,-0.12187958468589333
2000-01-14,-0.9033445362207762,0.12927191152875506,-0.9032193464731317,-1.565204620611996
2000-01-15,-2.121049188554693,0.7600933198365195,-1.0610132294809094,-2.083347627847032
2000-01-16,-3.023192437542966,2.4180330597249764,-1.2846084387077588,-4.2696839615771545
2000-01-17,-3.558211761704391,3.0447941752685597,0.5729454530642524,-3.8977904921928235
2000-01-18,-5.282208636330379,3.457947323672415,0.4483245290175088,-3.499059466890422
2000-01-19,-4.906471488324491,2.30866877169463,-0.8218987054338682,-2.0062218590826744
2000-01-20,-4.13127555779566,1.4521123324583787,-1.335375634696717,-0.12058561170694504
2000-01-21,-3.2122621704502876,0.7763331292437115,-0.7345396748140435,-1.3076971841022238
2000-01-22,-4.309569179603541,0.030562130294646606,0.5199913703808373,-0.3914405495819365
2000-01-23,-4.913050707049593,-0.12728014885888306,1.2636883197871431,-0.6749047663536765
2000-01-24,-7.4884335606149826,0.4238914925655971,2.4455168362191593,0.03716797793946036
2000-01-25,-7.529073577550737,-0.30200324516000865,2.9742395557821735,3.0594849206219927
2000-01-26,-7.8392275074012545,-0.594634552537434,3.17825644727958,3.9681652078500687
2000-01-27,-8.274279533865803,0.7052361802472541,2.6492194012456336,5.46585657597943
2000-01-28,-7.9164699894508725,0.015298734978224315,3.7906008486779372,3.7832748772639393
2000-01-29,-7.448693027026856,0.013737981095140126,4.13213147042016,4.4081347521023595
2000-01-30,-10.762481551740992,-0.03509745315020686,5.331428394846399,5.557735618069711
2000-01-31,-11.59606586299241,-0.47373523114051785,4.497064213500396,3.8982030626628887
2000-02-01,-12.800947202297575,-0.016172887057157526,3.5816371868014736,4.539038399416228
2000-02-02,-12.035957511958065,-1.1985925198215253,2.098140482832134,2.9620610493174793
2000-02-03,-10.505137809831453,1.3409094807892117,2.486772671573435,2.851927942727787
2000-02-04,-11.106928459826728,-0.09146650737942918,3.1113100270874776,4.216317156638231
2000-02-05,-9.596901456337141,1.2416916023219087,2.5652516868460866,6.523935537856248
2000-02-06,-10.347677911392571,1.0835766752231744,2.5943238365112555,4.725394384821979
2000-02-07,-8.804743889655619,2.066315707002683,3.78003243640162,4.919435366695287
2000-02-08,-8.344006662803567,1.9037753333241878,2.5473764665037706,4.905893349480785
2000-02-09,-9.143550600848533,4.194632794556912,2.8271845307658126,5.256767690113905
2000-02-10,-9.138680519240275,5.447825100897937,4.263071509888934,4.047890476163668
2000-02-11,-9.610260009657154,6.45775950085076,2.7032704614729712,3.283338145489611
2000-02-12,-10.779109290896002,4.056853696654047,3.4757405419035283,3.215260619991014
2000-02-13,-11.477869315188572,4.050102841541604,3.638167267243609,3.4168531811090506
2000-02-14,-10.463348400869581,4.6159917157570876,4.554921562049478,3.9850637619515683
2000-02-15,-10.120294897626122,4.716197459048487,4.487835769351311,3.2648249330628034
2000-02-16,-10.482232782095975,4.540367158735568,4.4856091266549,3.8469418216149567
2000-02-17,-11.74193621439152,3.3149537868433985,3.441522128644427,4.248383280095553
2000-02-18,-13.007181249086782,3.463189860200384,1.6904762336812407,4.033466031348494
2000-02-19,-12.910652993526263,4.067799488698543,1.2303681492712566,2.0203852845339285
2000-02-20,-11.154335103484025,4.233611573653467,1.916697528426024,0.6099185371808922
2000-02-21,-12.462167900073352,3.2983024838899158,0.4228789222254803,0.21189190929853907
2000-02-22,-13.597118360347414,5.475037509281586,1.46394356860386,1.8267467167551872
2000-02-23,-13.26656729162369,4.871481847564819,0.0012169605426823882,1.888328771281079
2000-02-24,-13.98796175076669,3.836055294597059,-0.32957069147868073,2.9648907031260743
2000-02-25,-14.134489160632965,2.4401300281067666,0.28860934176029446,3.0989918318548764
2000-02-26,-14.43539926877144,3.2443501861795725,-0.06566804803124981,2.342633919253035
2000-02-27,-14.78096916161705,2.113345710367887,-0.7177627975926835,1.3773609037695522
2000-02-28,-13.641268198374767,1.7279408239047886,-0.2916258214596769,0.38203061588305065
2000-02-29,-12.802314758236385,1.493219301336274,-0.3238749267792614,-0.37286482755701766
2000-03-01,-13.145038394317718,0.8902854841243478,0.04223123358738268,0.49548640411802936
2000-03-02,-13.395907797448642,0.9073450295102863,-0.5239289290593802,-0.25385650343420574
2000-03-03,-13.785514202820377,-0.3003876128064562,-0.9944185242269082,-0.14037774617291493
2000-03-04,-13.107109593441459,1.5566217135256155,-0.2997791209789238,1.0612226439287025
2000-03-05,-12.441331474922992,1.131944034014506,-1.4925206462060556,2.1586813663680093
2000-03-06,-11.195504162828676,0.2970575882880454,-2.2326363105925173,1.758930668063308
2000-03-07,-12.226437667583197,-0.17876047592014083,-2.4296336632483957,1.1730623895803014
2000-03-08,-12.176547297572732,-1.1885571329682039,-3.2625087936068073,1.3515714057584989
2000-03-09,-11.99223135707609,-1.9487806986082596,-3.6383906369419337,0.6716564785986378
2000-03-10,-11.823595280227035,-2.7255418967624765,-3.7487773589967412,-0.49440484415917807
2000-03-11,-13.15831385017973,-1.3113452421359524,-4.603591495601004,0.4446524964505597
2000-03-12,-13.843334336231301,-1.0483725433893483,-2.4712708900868723,2.000087891735333
2000-03-13,-16.500249678971983,-1.6069679269817143,-3.1401648911782596,1.7564002950734552
2000-03-14,-16.772288319809242,-2.6404713394546193,-2.8598999606215276,2.753755318644827
2000-03-15,-15.12195234757083,-2.962490256255752,-1.56993140202356,2.1363727195572775
2000-03-16,-15.179187258991314,-3.665895533944739,-0.5662152539924412,3.9296336466537665
2000-03-17,-15.140208711738184,-1.8754463598317253,-0.7736182226828944,5.2764980626587015
2000-03-18,-15.149570754757391,-2.6660727176688486,-0.40126320452177205,6.113182121984523
2000-03-19,-15.095773830894343,-3.7866219885163064,-0.36658262125232577,6.522881709995337
2000-03-20,-15.2571538549355,-4.036587682771969,-1.1586880347545407,9.123153870469961
2000-03-21,-16.69877226699905,-5.123730142845459,-0.40124601537141436,9.22918408012658
2000-03-22,-17.689490516631835,-5.432793911140502,-0.5696964094977462,9.695670081786435
2000-03-23,-16.814581848551324,-5.769343265880079,2.3307047868613204,11.099742568154639
2000-03-24,-16.827971678054865,-6.642757677447808,2.271438028843172,10.631849827639595
2000-03-25,-15.159782421827773,-6.790638200371039,4.014410651136163,11.43394376172962
2000-03-26,-16.66967706290602,-7.553834057752032,3.8696512662138067,10.597948468909964
2000-03-27,-15.917385703033716,-7.437326856049447,4.127840907403255,11.322739589495672
2000-03-28,-16.864207430465907,-6.513777920021131,4.408487128399951,9.541291975564413
2000-03-29,-18.345727764149377,-6.591310997501298,4.708269849179728,7.428796340230262
2000-03-30,-18.58205604808325,-6.454881247485279,5.4299889943327315,7.590224075416763
2000-03-31,-20.02310440807484,-6.8970972445417855,4.295053932870214,7.800811507131165
2000-04-01,-20.636244630833783,-6.9642143203433955,4.271137972282022,7.8376678051827335
2000-04-02,-19.59947548765632,-7.386284166103366,4.999621229930424,8.345913133310711
2000-04-03,-19.079233259554385,-7.285498328334327,3.6338825156534664,7.776052079192409
2000-04-04,-19.63166990428329,-8.912358739704395,2.545456189892222,7.977256475146529
2000-04-05,-19.465575037268184,-8.846671879556947,2.6924050988645156,8.489944564923968
2000-04-06,-18.741307296342065,-8.19978804331615,1.899033914480944,6.308154611407452
2000-04-07,-18.41490350365767,-7.4816859700509335,3.914253409841124,7.323623576172073
2000-04-08,-19.882395204127864,-8.38993810825466,3.9748677771562972,7.936505592389814
2000-04-09,-20.741593534541472,-9.09546935401553,3.399555233596291,9.878467833338563
2000-04-10,-20.314286363508362,-10.980811725678224,3.4265209167564175,8.70831440369073
2000-04-11,-19.87211323218051,-11.119790953711185,3.500167142151889,9.123008992165483
2000-04-12,-18.867873833760207,-11.572390320792115,3.0086189664072482,8.548106716162943
2000-04-13,-19.895550292925858,-11.308699596429234,2.637960808736782,8.045413931646982
2000-04-14,-20.264047386715916,-12.170698436510232,2.01035589970859,7.647499852050648
2000-04-15,-20.416926570862,-11.931021903232576,2.0916633343057187,7.669056519957705
2000-04-16,-19.151162537165025,-13.207407532148988,2.924380181251569,6.105808486852281
2000-04-17,-17.59299743479876,-12.351004472829663,2.8786903661087213,5.587675390448188
2000-04-18,-17.209069088227807,-11.963507035917154,2.3475922304444246,5.6783207168421335
2000-04-19,-16.677980165876598,-14.484512909556106,3.638750703961498,5.942103248932538
2000-04-20,-15.338329191068507,-14.724084093572385,4.802061202150197,6.53597351679819
2000-04-21,-14.185382501595637,-16.342747652431818,3.6866029292740325,6.413139754972294
2000-04-22,-16.462827002249917,-15.966776016726342,3.9094909280954298,6.346238247785882
2000-04-23,-18.267607899223805,-15.912190700607825,2.536836247720016,7.924122781726144
2000-04-24,-18.360288500168775,-16.150153496346757,1.5521587594905564,9.655984309939258
2000-04-25,-18.595358146711604,-14.90830500216187,2.2569833073954157,9.550784612481799
2000-04-26,-18.66511742334566,-14.910925496173524,2.2436951935799496,10.048510655400735
2000-04-27,-19.151776146513072,-14.70181582788764,1.1365022936669043,10.845664546061716
2000-04-28,-19.89975405829491,-15.647609586207782,1.286656850282518,9.312049866993386
2000-04-29,-19.47770528724446,-17.555915855689673,1.4704168711998507,9.429561881267022
2000-04-30,-21.021100016911074,-17.40748355444351,2.4457032134763788,10.912747985378147
2000-05-01,-20.224061873809028,-17.981897570395486,2.590727610642983,9.160071367069353
2000-05-02,-22.162418878960658,-17.946514155776224,2.199111695534361,8.205493542737706
2000-05-03,-22.756624579251913,-14.574932152309959,1.192286152622266,6.422110264168957
2000-05-04,-22.71868050883318,-13.540888072300469,1.0204329589099683,7.502882258231058
2000-05-05,-22.74293345148363,-12.97805479853844,-0.10778937647204323,9.136490824696823
2000-05-06,-21.426514063585945,-13.834987955306742,-0.4891454371833872,9.61107077301285
2000-05-07,-21.461412335766912,-15.379213628027202,-0.7890516832844141,8.998484252684001
2000-05-08,-23.83112120522615,-15.02927060694783,0.7375359946835969,10.516292599766672
2000-05-09,-22.954325322710257,-15.378084631467608,1.3733288963607189,10.64896083801321
2000-05-10,-20.785635031612635,-16.73952838667727,1.279537123022283,11.05857416992159
2000-05-11,-19.665309777160207,-14.638668085880276,1.5489168393818487,9.51476841256814
2000-05-12,-20.891324497313942,-14.027327878326526,2.0616956942436717,7.104941089290376
2000-05-13,-21.726674083071966,-16.118160620247373,1.0062190359224472,6.606721033874822
2000-05-14,-21.291703041081263,-15.656382506116874,3.032177789592133,8.895187971107319
2000-05-15,-21.95860096558478,-15.010464246778673,3.9513822050315515,10.244041098102727
2000-05-16,-22.031917486913994,-14.849087551674714,5.708326473300931,8.341477529767248
2000-05-17,-22.68043482738801,-15.310459208104206,4.981167225424227,7.216457036101936
2000-05-18,-23.440453555790555,-16.61791301732455,4.398653625500765,9.470882176434197
2000-05-19,-22.9124258397595,-17.397239032930624,4.13829893945051,9.02189767401724
2000-05-20,-22.692573176898904,-16.88456597121662,4.634124200854276,10.994422879394417
2000-05-21,-22.762769865487343,-17.77483280388038,4.525499654918549,13.186958017296554
2000-05-22,-23.825241372176965,-16.352333467800342,5.937783782640242,10.474726709497254
2000-05-23,-25.08231715393108,-17.93004062223863,5.678743833938593,11.372868199903426
2000-05-24,-23.919191466136706,-16.59888322023814,5.550148031702855,12.825995510845768
2000-05-25,-22.437601869636197,-16.957014738812735,3.9526992057875923,15.073501311769913
2000-05-26,-21.383389837832382,-17.786363500341427,3.9209359072941896,13.619956690594103
2000-05-27,-21.92219918535046,-17.406949574724027,3.509530177610482,14.631716615386276
2000-05-28,-20.744533178899882,-19.26799000351398,2.292181356009955,16.21007328886987
2000-05-29,-20.87502932218213,-18.39496518507005,3.8830803835093044,17.426331535482575
2000-05-30,-21.16509296833602,-17.4181001205019,2.0888832269647697,16.36782799519198
2000-05-31,-22.16572889609096,-15.634474264327961,1.8481439085663103,16.11383938750755
2000-06-01,-21.203096241982895,-16.110282968768107,1.7455243582106061,15.675482162350322
2000-06-02,-21.302670668231492,-14.634071164585551,1.9485771890442467,16.06621106200634
2000-06-03,-21.85602159716741,-16.824464741289194,3.7494892190330296,16.973854830324147
2000-06-04,-20.906887287318344,-17.658282972223976,5.005003066657514,16.71590144897137
2000-06-05,-21.946254594947213,-18.61967668402885,5.821683370839311,18.6879872800847
2000-06-06,-21.69657147815584,-18.33974448177015,5.725079624867741,18.465364534317555
2000-06-07,-24.052799804516614,-18.942850694188284,5.525567932547885,18.045770375407784
2000-06-08,-23.48818148529357,-19.505715145356167,4.185675053671248,19.596624043938814
2000-06-09,-21.956179856425628,-19.543829297947276,3.3409991314513223,20.63366332744895
2000-06-10,-22.491092299922492,-18.691812752435425,2.739053856913068,21.277649777968673
2000-06-11,-22.803647497019174,-17.506670508986932,0.9323587867754981,20.761553414380494
2000-06-12,-22.94341866480397,-16.726804039061435,0.525309749933634,21.192901550191245
2000-06-13,-23.839905035375082,-17.3799940389065,1.9339006820188311,20.093773242376102
2000-06-14,-23.72556721525883,-18.295191408846268,2.026302069337525,21.024601453263493
2000-06-15,-23.029685122801986,-18.215222722292786,2.7203137448497943,21.95006923136869
2000-06-16,-23.637177241736282,-18.6009100023508,1.1219409960945748,23.15893185577622
2000-06-17,-22.02681151753037,-17.506844516023726,-0.5020614142517332,23.083785282641756
2000-06-18,-22.50950943721165,-18.10420432378473,-0.2209534258162617,22.428139123965074
2000-06-19,-22.29532859489502,-18.180576013025398,-1.5500696057851553,21.422734625677748
2000-06-20,-21.91453195625515,-18.366908268077673,-1.0313672749305751,20.908212304882046
2000-06-21,-21.09845121067277,-17.493783857250243,-1.1135304700083695,20.89306659020523
2000-06-22,-21.584498478136695,-18.60072159010634,0.08021675451303278,21.194695099631616
2000-06-23,-23.335557159659476,-20.357926120508292,0.7312102062405443,20.903499486117713
2000-06-24,-22.636552793075513,-19.648769240559435,0.022229233391901637,19.995862037053147
2000-06-25,-22.27729737193114,-20.46716322281172,-1.2300409136086576,21.094648808805882
2000-06-26,-21.406948922465947,-20.989756175284846,-1.3898318725989787,19.788841537474624
2000-06-27,-19.595946682447405,-21.230546464732946,-4.170939101116246,18.176277367298916
2000-06-28,-18.725962643491734,-23.05219950306631,-2.265942389266118,19.82653280084293
2000-06-29,-18.966829329672347,-23.308485239636127,-3.526331569248983,19.68914000281457
2000-06-30,-19.2443687890735,-24.395383678434857,-4.228787604665937,21.05818055490965
2000-07-01,-19.26849789608888,-25.91180892217634,-4.800196399971187,20.045400626749068
2000-07-02,-18.542812195333568,-25.885092282777276,-6.268396262618627,20.70099611886824
2000-07-03,-17.40500835436349,-26.665827382138705,-5.912099338806578,21.438531489603413
2000-07-04,-17.049085926436575,-25.71430079664211,-7.4763662105675746,22.186158354479165
2000-07-05,-17.124238398100857,-25.896543615458132,-6.873554623704943,22.120547651757402
2000-07-06,-15.087723365270227,-25.54880477784193,-7.463576071408156,23.410215264699026
2000-07-07,-16.068922934678277,-25.966794882389326,-7.694010061856214,23.673696682815997
2000-07-08,-15.634961524288336,-26.644065533806366,-6.234092742044651,23.864834050584935
2000-07-09,-14.054627872450766,-28.149222695190275,-5.4838172657591535,22.57897255980441
2000-07-10,-12.815589721399634,-30.02472871245233,-6.391848690177944,24.134691184514434
2000-07-11,-11.070190328140379,-29.78798273622836,-5.18265547593063,24.534649637217004
2000-07-12,-11.97293408959403,-30.8080895574641,-5.307934076985097,25.996033609824963
2000-07-13,-12.357002825732016,-30.49860380141522,-5.42014816817612,25.51091431872926
2000-07-14,-13.932576170589872,-30.960838271186134,-3.6420119347741915,25.84310595063546
2000-07-15,-14.799218684565396,-30.510566406174828,-4.232772618513138,24.86651311418186
2000-07-16,-15.232997674251909,-31.012685899428863,-4.9591750173858,25.5180783263056
2000-07-17,-13.96759189986302,-30.67610638437902,-5.907175040674489,26.421308343304684
2000-07-18,-15.100387641653075,-30.451953237338927,-6.618955183023599,26.56521218564949
2000-07-19,-15.939869851804005,-29.058384037978556,-6.91348682082261,26.413840131867907
2000-07-20,-16.564769893529036,-30.937950959162556,-6.454685412524687,26.623806461839887
2000-07-21,-17.869574503246458,-30.528947919975977,-5.569623677479953,26.415525079186747
2000-07-22,-15.687496638513363,-29.71778239891426,-6.3701409625455145,26.498515729976187
2000-07-23,-15.991566584528396,-27.05526447465014,-8.735759214261384,27.998953377371212
2000-07-24,-15.965572089681602,-26.532350127028124,-8.603624123471445,26.18155748473332
2000-07-25,-14.827782079176046,-25.880247503910507,-8.975702177664848,24.989092582137694
2000-07-26,-13.236679044623555,-25.702368194179527,-9.461466213179417,24.339042677355824
2000-07-27,-15.004587157091873,-25.514394285365228,-10.685217690445914,24.631005197402168
2000-07-28,-15.246728805687061,-26.94718237260055,-10.383966887880964,23.948387356221392
2000-07-29,-13.520425161076448,-28.087240912620345,-10.415254777598653,25.033963228381197
2000-07-30,-14.119144532904569,-27.325468331159314,-9.477003029648468,25.652739796940445
2000-07-31,-11.91676743196769,-28.440793173043307,-11.440687332122428,26.698108294160114
2000-08-01,-13.020118760394206,-27.849899724520544,-12.510901825071212,28.034897242322707
2000-08-02,-11.92555660195493,-28.617486573560416,-12.651091579258326,28.37987051677093
2000-08-03,-11.820396484290683,-29.733644733171555,-13.778896027674577,29.679906542732883
2000-08-04,-13.41360429771104,-27.831652143322025,-14.632203489966583,29.989603574091948
2000-08-05,-14.312321693930498,-29.48443607457996,-14.44341066973831,30.769119251369517
2000-08-06,-15.331451915499791,-30.010204221227262,-14.370048681822274,30.336843598374927
2000-08-07,-13.288408947493524,-27.126305152485173,-14.882049606936425,30.795989413568776
2000-08-08,-13.871390245623763,-27.2478273990492,-13.864488159968845,30.91311646924862
2000-08-09,-14.121657836810083,-27.690525410517843,-11.727544628770975,31.025402199893975
2000-08-10,-14.251893871804729,-28.74021290419787,-10.62054742986817,30.619838884906443
2000-08-11,-12.760552085454687,-29.336488894649182,-9.46448183723344,29.366919728113498
2000-08-12,-13.54872574460555,-27.970900564292283,-9.681751933179063,29.054758534751205
2000-08-13,-13.061655218016137,-27.65144351025369,-9.749476902644787,28.93027039344536
2000-08-14,-12.556607012870739,-27.7225946744491,-8.461235759937905,28.71176163757838
2000-08-15,-15.182859501160586,-29.03884982999315,-8.398852110076612,27.73078031411816
2000-08-16,-15.661418243143624,-28.811366625907663,-7.832453770214729,27.383371145318588
2000-08-17,-16.86906861165805,-29.167612802607987,-8.353199836734749,27.09101548731985
2000-08-18,-17.566722568523033,-29.20156609554417,-7.760203943806207,26.967032586609825
2000-08-19,-16.583296033384226,-29.91548601542096,-8.785917208785225,26.452094392607766
2000-08-20,-17.812131488674794,-31.675857565528318,-8.496930944076967,27.382635224861904
2000-08-21,-17.729885672186107,-31.102404300022236,-8.538938914452189,27.065380293887404
2000-08-22,-16.25452591153084,-30.87445082776001,-8.35562369513324,28.38958932246762
2000-08-23,-15.440762636634089,-31.142652218079185,-8.180703720962612,27.73714575828903
2000-08-24,-14.910604099364404,-30.344852048722977,-7.338662042954938,28.147641423734104
2000-08-25,-15.959100468234396,-30.891712203904685,-7.374626502921695,27.28920336224162
2000-08-26,-15.800948867729803,-30.418261815198562,-5.702922707690037,28.163483306136637
2000-08-27,-15.642210108876183,-30.42226719316614,-5.797614165653233,27.98479789114248
2000-08-28,-15.754551973033394,-29.5915677719639,-7.40498752977283,27.63304678390934
2000-08-29,-17.70026409823958,-30.829275616192067,-7.876290183466852,26.613259669890752
2000-08-30,-17.09141875462103,-30.357469337588938,-7.57225135392593,26.174873903688184
2000-08-31,-18.794068257459003,-29.686815066931604,-6.4111585172312004,27.04421892654318
2000-09-01,-19.44525402139059,-29.470367375891865,-7.915211072288219,27.04150972619654
2000-09-02,-19.847534141123262,-29.48663414918085,-7.589621314615867,27.98762335507577
2000-09-03,-18.606274225439435,-29.46937671885353,-6.537774190350592,28.251407054355244
2000-09-04,-19.357028601594948,-30.691207459177406,-7.611820107487623,28.814754028976463
2000-09-05,-19.42813109640548,-31.06164410068105,-7.2112012515029935,28.556569863793804
2000-09-06,-17.786550020394916,-30.762255542065695,-6.260908164518776,27.9913071201868
2000-09-07,-17.145263357017566,-31.742580510235875,-6.659081755723714,29.75941340863463
2000-09-08,-16.667035002237995,-31.258940407340113,-4.843673884785932,30.767654243259962
2000-09-09,-17.93788810326151,-31.28350291677588,-5.296573125076474,31.537865849799115
2000-09-10,-17.932076521148133,-29.458159145431168,-4.615272221343298,30.84019936208121
2000-09-11,-19.186531778949647,-29.57917018957224,-4.4784376202185445,30.34368387193152
2000-09-12,-18.673045590480335,-28.656977497312464,-2.982510404961007,29.742988822123426
2000-09-13,-18.304435229200372,-29.257153034810827,-3.9691510292159675,30.63113704425102
2000-09-14,-16.85906641731645,-29.617844240293437,-3.5387041374766848,29.988164928569233
2000-09-15,-16.97073717205033,-31.166424100121723,-3.581543949497482,28.4242479499484
2000-09-16,-17.350836009705493,-32.03159146570156,-3.2384202195197846,29.981131245913435
2000-09-17,-16.582701389086257,-31.966504245876425,-2.5007862998099735,29.767313425707655
2000-09-18,-15.344377191263565,-32.51482400186841,-2.255777372084837,29.364331257956525
2000-09-19,-15.453384548492549,-33.10538915207596,-2.6217194392302052,27.9391650118017
2000-09-20,-15.489026111744609,-35.2797376859391,-1.9472144376600338,28.071621538163956
2000-09-21,-16.277486229208094,-34.62930546828233,-3.200009919473963,28.30113396496414
2000-09-22,-18.295413576061346,-32.62268176267349,-3.130566946853035,28.527515862199184
2000-09-23,-17.012764455082937,-33.13174718509608,-2.6671181300762514,29.138439666564278
2000-09-24,-16.515039505663307,-33.698918017834075,-2.8969825426308393,29.401745599048763
2000-09-25,-17.540672931367585,-34.40381284155586,-2.824115450730281,29.761619336782584
2000-09-26,-16.516057220220148,-32.963806424417164,-1.7583509707344709,30.339902000852263
2000-09-27,-17.835631315310042,-33.310653045844795,-2.8322948836738817,31.96279893216124
2000-09-28,-16.979985861073086,-33.745857147733375,-2.0927882001009035,31.574846876415087
2000-09-29,-17.791098114226898,-34.868231321279204,-2.85447572494985,31.571846533405687
2000-09-30,-17.22815811149095,-36.57286557826431,-3.4872249082197264,30.803935766288404
2000-10-01,-18.44529850113846,-35.82918834628055,-4.791571011062429,31.0958816979784
2000-10-02,-18.375730046651665,-33.05238636609383,-3.1545573083131377,32.071479565295576
2000-10-03,-19.38322619236408,-33.06953807484277,-3.1465976446664574,32.60323184689104
2000-10-04,-19.717231409914422,-32.06579482684705,-3.1919416653706287,30.885354785810243
2000-10-05,-20.557854018257444,-30.321810658832327,-2.9875710784141316,30.303747616759658
2000-10-06,-20.817298763494488,-28.741986581089698,-2.184465693162047,29.99407017554697
2000-10-07,-20.91381621367988,-28.75069313422717,-1.7770883560772384,28.62328281433149
2000-10-08,-20.603374148316696,-30.583429376762407,0.05607029759030957,28.693244881204308
2000-10-09,-19.789873632989185,-30.982767546665045,1.5374521495430906,29.929795916767766
2000-10-10,-17.929659565761014,-31.467629698833292,1.725937894499348,28.465701718827425
2000-10-11,-16.84536444985785,-32.17731018550056,2.4808868469992156,30.12833689409172
2000-10-12,-17.138516516376683,-32.55261844752673,4.14772426792908,29.405062499699646
2000-10-13,-16.937469364520677,-32.225165366969065,5.028727888379948,28.108025148166742
2000-10-14,-17.05807079312995,-32.16868392250632,6.641617283823657,29.693461173952556
2000-10-15,-18.137080600419292,-31.704547722318516,6.680195826072659,30.28113486820593
2000-10-16,-18.80426192300728,-29.82797181821767,6.224472982142533,29.04426176108598
2000-10-17,-20.299338123892213,-29.386683235235704,6.401387409418786,28.112256447702084
2000-10-18,-18.721010329103724,-27.61494293878511,7.223342559489957,27.513717823192987
2000-10-19,-18.971785287010444,-27.546460934053094,6.423583904761874,28.84152263721547
2000-10-20,-19.002344189320386,-27.78532792551386,6.323337254003903,31.403888319056513
2000-10-21,-19.396367782931204,-27.50309764866883,6.416657977717746,29.15973875510392
2000-10-22,-19.743504671472916,-27.59001187871332,6.278635463021885,29.694708493943413
2000-10-23,-18.345113702547366,-25.534861458018625,4.354443929871065,30.345374437189122
2000-10-24,-19.999409804743237,-24.59992435217716,3.897756735619152,30.49989827596509
2000-10-25,-20.10879468410516,-24.061841110938065,4.926941756291597,30.54054614692734
2000-10-26,-20.822271421595953,-21.79360360960382,4.203039234945266,30.63393882402711
2000-10-27,-18.80116900712939,-22.981334639359257,4.007215399879966,30.461602111377644
2000-10-28,-18.13306135232122,-21.707397969349255,3.2005947198961007,31.920162802232717
2000-10-29,-20.419686026253267,-22.83166609099619,3.6673800867874164,33.2227164465779
2000-10-30,-18.4092315249744,-23.178456728411245,5.604671808332026,35.109597676532154
2000-10-31,-19.10922507172664,-22.059121410340946,6.924476716091656,34.61962219871211
2000-11-01,-18.16747879263966,-21.909962927438844,5.903717496998041,35.029305785143464
2000-11-02,-18.427151680168187,-22.160244353620694,5.9707269537817504,37.113112220503226
2000-11-03,-19.10580689730647,-21.425942527295458,6.6187787539474625,35.8566510892138
2000-11-04,-18.90733667024909,-21.582866271406154,4.835612251757755,35.095153481136435
2000-11-05,-19.734177211104324,-22.06816613183793,5.6691319129068365,35.799478395567014
2000-11-06,-20.980340535646658,-22.109359048390107,6.341455497375468,35.94844277997728
2000-11-07,-21.847236322715656,-21.5191705199286,6.543282924352076,35.409107660741576
2000-11-08,-20.669537138591764,-23.005945053226323,4.730685104828779,34.201793163979545
2000-11-09,-20.444327279237157,-22.73866589993074,3.6752668233658916,34.83345516342535
2000-11-10,-19.44198219744224,-21.194577708771135,2.5665640517004262,32.16084689669756
2000-11-11,-19.36489497649439,-20.24154865264941,3.545566252533969,30.913706434533836
2000-11-12,-18.91258668891424,-19.906501097094363,4.34231250519269,31.24308924654251
2000-11-13,-17.277693163274414,-20.42548147916269,4.948195026654932,31.287052492544333
2000-11-14,-16.821283440135005,-20.978950867850326,5.935663406758559,30.335616646179453
2000-11-15,-18.78789953326587,-20.661278181388976,6.4623442277609815,30.13264394719549
2000-11-16,-19.32478143721683,-20.344579818564878,5.584892127299332,30.305649854653684
2000-11-17,-18.924548856089977,-20.199338204940958,3.830275905115294,30.09889986592119
2000-11-18,-18.326104599483443,-20.748698145313725,4.905618949733077,30.283025521778207
2000-11-19,-17.41057186307728,-20.329182770588712,6.370037426760662,29.397644278144075
2000-11-20,-15.822469793506464,-21.86424848645052,6.395988215272388,30.471139410962056
2000-11-21,-12.983911760053472,-21.366990337120132,6.104582103997607,28.16152268683759
2000-11-22,-14.083267065434182,-22.59730243788271,3.434731806804891,27.786854459480892
2000-11-23,-14.382537933867145,-22.651985191950583,4.282374424935247,28.155960915007352
2000-11-24,-12.665255759319638,-21.986607147573682,4.115838007099381,29.298156401887262
2000-11-25,-11.742047686117479,-21.340918878907964,4.490976726600864,30.075229039140638
2000-11-26,-12.874877284737037,-19.614936899005176,4.427999824627013,30.606394206898976
2000-11-27,-13.908163292750931,-18.436170704201082,3.741385979151345,31.318877264598747
2000-11-28,-13.180481659593044,-19.320089439372097,2.4148381780589503,33.47506611908791
2000-11-29,-13.329311658035046,-19.81777074590484,0.07792658884918868,32.23578960287343
2000-11-30,-12.465462162418193,-20.321621250187484,-0.8438438693784863,31.508399868016866
2000-12-01,-13.012067506742358,-20.82763711933813,0.5137637259643956,31.92361297012566
2000-12-02,-12.562853448410241,-20.169982548194007,0.7379976481959695,31.50178945513193
2000-12-03,-13.061509440476502,-19.611252760071356,1.0953053084979512,31.529855767408236
2000-12-04,-11.827342733083999,-20.194674504399476,2.1021255900013602,32.54534867205328
2000-12-05,-12.147342819267635,-20.607357058436335,0.7072119320141439,32.102863163336096
2000-12-06,-11.902999052245004,-21.729432059982347,-0.8286376878133159,30.665061358132846
2000-12-07,-12.290380498157035,-21.446546763114092,-1.258919211298174,29.790721854843046
2000-12-08,-11.765117299244759,-22.06597401291472,-0.3892219613671001,30.28076523693004
2000-12-09,-10.94661743099115,-21.646093755144193,0.2657036214120969,30.68547583597373
2000-12-10,-10.320421541023984,-20.651577964852933,1.3099248350369472,29.93685111252734
2000-12-11,-10.357717595185772,-23.5283486610755,3.5487686757356394,29.09027199540713
2000-12-12,-10.555572167751713,-23.378869332753915,4.448036498092119,28.653980141834285
2000-12-13,-10.160395359718237,-22.370552131913282,4.9955080611610585,27.39945385945787
2000-12-14,-9.880327005075834,-23.495978238016722,4.6764973041129565,26.19635321527535
2000-12-15,-12.411016422185806,-23.83973060335682,3.3570056546820384,25.65927969201825
2000-12-16,-12.600484884166425,-22.91740602810099,2.9487183986047576,25.398008075827654
2000-12-17,-13.070924649139386,-23.514095309969882,3.097194181855117,26.351255524711483
2000-12-18,-15.39356287578331,-24.78174155828221,3.9471144550926325,28.845724950985808
2000-12-19,-12.91694271448696,-25.170040381869175,4.3564947730069985,29.560800216443628
2000-12-20,-12.731337412782308,-25.217957871643986,5.635927244126044,31.430562640795547
2000-12-21,-13.203256884880195,-25.215821170676982,4.9630369559364835,29.946619924090903
2000-12-22,-12.590792116436996,-24.505660740223316,5.006719152594394,29.249861221221764
2000-12-23,-11.706754307808545,-24.15851875968822,5.477753170466889,30.620452781519276
2000-12-24,-11.223609355354029,-24.37881083106152,4.167660007537801,31.247807151213326
2000-12-25,-11.549786239356187,-24.360745417918547,5.103339255030688,29.433850240765278
2000-12-26,-11.547546739342081,-25.456043502696495,5.245530109868257,27.69740823474907
2000-12-27,-12.179763477936119,-24.096155770778637,5.871100106452564,27.094270066157772
2000-12-28,-11.107794506157237,-23.73318750515864,8.168079292414635,27.034473966920274
2000-12-29,-12.002922772265618,-23.335333832767056,9.641961516118053,27.68974566254566
2000-12-30,-12.779255497672892,-23.299362139303387,9.750659131473334,28.347479428656733
2000-12-31,-13.099579535996924,-25.138198683734913,10.66916989724937,29.121647926457513
2001-01-01,-14.48623259480958,-25.03521980635092,10.85259265939537,28.879524666083473
2001-01-02,-15.46788524873421,-24.370716064597158,11.003774137677912,29.551121088414423
2001-01-03,-14.568801655098644,-24.165820232579552,11.888984930880444,28.142822790999055
2001-01-04,-14.929963717523798,-24.21510793439089,11.730064324926131,29.333447107253683
2001-01-05,-15.837484227970096,-23.715675429346998,11.505224884434616,27.906569011019418
2001-01-06,-14.908803644261623,-24.158903644345102,11.192172988811796,27.210262403455673
2001-01-07,-14.968690804830963,-24.695858397842436,10.95084423554425,29.00410187619805
2001-01-08,-14.609305906853644,-26.977475516455616,11.610838693941886,30.410578378384308
2001-01-09,-15.384591541656697,-27.17238815467796,12.001716287032966,30.343404454132553
2001-01-10,-15.815596146567769,-27.50751619739736,11.192872233510265,31.058999373667724
2001-01-11,-15.936537115395607,-26.1972353863536,10.811027713994514,30.85516876575812
2001-01-12,-15.819797270873478,-28.16254149353217,10.327220436175121,31.145755209487515
2001-01-13,-15.326630473619137,-27.81118030754227,10.143514738426797,31.352968323153224
2001-01-14,-16.11540370424172,-28.90514176244897,10.324358968987198,31.98161813777324
2001-01-15,-15.782336453621253,-27.919281195126132,11.062334541011793,31.616662150041297
2001-01-16,-17.360070228488432,-28.064793438173954,10.417446433389136,31.28618928006718
2001-01-17,-17.996108753081394,-30.500183529431204,12.105603450922063,30.288728687017553
2001-01-18,-18.08153812236714,-30.686770411936646,11.815326271542027,30.172851412399428
2001-01-19,-17.742920944112935,-31.575661818422,11.630744188179536,29.07651618359259
2001-01-20,-16.55143599677257,-31.981731616856983,9.61585473418273,28.89265167473302
2001-01-21,-16.89413715518399,-33.53075509477498,8.576608022112772,29.416649968723302
2001-01-22,-17.777635624684912,-35.069645326021714,8.121258106888487,29.97222974672476
2001-01-23,-16.878952206381776,-35.76101780550307,10.216777631965744,28.272894061727495
2001-01-24,-16.184306185391325,-37.46922527441618,10.167375676810318,27.960627095886377
2001-01-25,-17.126630421187873,-38.33808543591678,9.511605336859194,26.91257050921318
2001-01-26,-16.000603160357333,-38.24327884191821,9.858499659953388,26.650659357574824
2001-01-27,-16.368308582843454,-37.22789931010604,9.725417698234354,25.861042917740704
2001-01-28,-16.03332736629737,-36.933641050699016,9.816214635054733,25.926876747704863
2001-01-29,-15.30965160784719,-37.184635540086404,8.19457548207898,26.973647478965702
2001-01-30,-16.61301969930929,-36.47567661508818,9.884648122703604,27.196029422089033
2001-01-31,-17.238522489450695,-36.73031230770313,8.765748687964457,28.068675952270205
2001-02-01,-18.02812223754851,-36.00573693427388,8.161605830484076,26.328174229104306
2001-02-02,-18.032445234765817,-35.78146244729397,7.628797867460189,26.703184589937397
2001-02-03,-16.474827859215097,-35.44690087074853,7.442813674290942,25.473362804309417
2001-02-04,-16.817356604097327,-37.476456891453395,7.323821254476521,23.07853333224039
2001-02-05,-15.853652582923287,-35.413035555675634,6.71346984771457,23.221993015517576
2001-02-06,-16.06836292294226,-35.97942945801066,6.369761454400072,23.904452502910782
2001-02-07,-15.957032975200562,-37.05280433326699,6.094414619125797,23.480427688931655
2001-02-08,-15.458975209048813,-38.64888357016462,6.681348772375363,23.852486860468428
2001-02-09,-15.181027416432212,-38.199435098418924,6.284747008494938,24.040653996991534
2001-02-10,-16.871936124864405,-37.80429128583403,6.253695900764973,24.007319990188638
2001-02-11,-16.881550696845462,-37.59858018349118,5.503799106232764,23.473585052128662
2001-02-12,-18.123191897547656,-37.81427728784879,4.619283076706709,24.419800652070595
2001-02-13,-18.553074087484585,-37.97175366056052,4.573882988332462,24.39116863375428
2001-02-14,-19.365256029431645,-38.584304195026334,4.919991547249714,24.77699858252201
2001-02-15,-21.492779403769454,-38.00589167520594,4.3928457893076756,25.922269349115457
2001-02-16,-21.615605267357985,-38.639112542375926,4.6516190159327735,26.78610864964312
2001-02-17,-23.11856355619051,-39.81664835331129,5.1222461605191185,25.14222681786836
2001-02-18,-23.043605433801346,-39.038538118665514,7.636795086542472,24.470380224085005
2001-02-19,-23.125980102392415,-38.22426434631314,8.425292119117842,23.5264197794099
2001-02-20,-22.511017245579094,-37.459153220731025,8.016055274588892,24.009409792193868
2001-02-21,-22.179293540359758,-36.97082450537079,6.171037045831904,25.654182481477523
2001-02-22,-22.918162874989466,-35.63377900210266,6.088610319778846,25.889018813040256
2001-02-23,-22.53451082468997,-34.936327630654766,7.445481021741359,24.228987486255445
2001-02-24,-21.475588185499134,-34.96082597734869,8.047243812651155,24.936350961370483
2001-02-25,-22.46274810237614,-34.56405267410281,7.548608202987366,25.298944732008028
2001-02-26,-22.404570170094434,-34.91829457181757,7.210054515433938,25.956942013913146
2001-02-27,-21.02889095106395,-37.16667842053142,7.682221457251233,24.983787919255114
2001-02-28,-17.60646531817088,-37.076374716635044,8.628073348261134,25.398077893080327
2001-03-01,-16.72710793160471,-36.097827016977256,7.449816573920573,26.028038432083292
2001-03-02,-15.48925817811058,-34.3860985687201,8.42560210383881,24.73245677311086
2001-03-03,-14.823126582476785,-34.99207253326068,8.862615584121984,23.68378493554648
2001-03-04,-15.207423190671877,-36.237939089337516,9.38461317813113,22.5866614614395
2001-03-05,-14.878557265927165,-34.785212575515665,8.834326295656632,23.228348022814394
2001-03-06,-14.40540888853346,-34.33209115758625,8.605324900673262,24.013419070001813
2001-03-07,-14.120291605693572,-34.73812175820335,10.193007882061966,24.266206234804454
2001-03-08,-13.462378677700725,-33.931885106319584,10.691061501855373,26.0713908894436
2001-03-09,-13.448259212285407,-33.48592602165231,10.8828507730523,26.837493781852523
2001-03-10,-12.02262683482141,-34.68262168585529,9.70278361555986,26.34804968262352
2001-03-11,-13.331097106598808,-34.73374704662478,11.482038744042628,25.676965178777778
2001-03-12,-13.742002473503605,-34.50197818332679,11.131059088787046,26.633827481307947
2001-03-13,-13.098395505825389,-35.503877395475904,11.535713121165669,25.43293611726018
2001-03-14,-13.781172148521211,-35.663647265219595,11.916331689093855,25.66217797625268
2001-03-15,-14.420999293043455,-34.92610392951008,11.838380758127945,25.51525798720144
2001-03-16,-12.965368970394044,-33.3574407555856,10.758663955713343,26.718826812995932
2001-03-17,-13.688999740536335,-35.487163763828235,10.336440390993813,25.982612601421874
2001-03-18,-13.659469718130559,-35.51955300093748,10.756065729250246,25.545466593785825
2001-03-19,-14.008189583772356,-34.999462785917146,10.11053691626539,25.47402890267534
2001-03-20,-13.413803670816332,-36.3902611181398,10.321316785739137,26.16371606983142
2001-03-21,-13.025379796912613,-36.05145920077461,7.707630380604774,25.614871393866554
2001-03-22,-13.433992120079294,-35.856286494432105,8.01534508018979,25.86317869764442
2001-03-23,-13.263092913598939,-35.41732738394057,7.327506129126395,26.27174464884192
2001-03-24,-14.676363587664163,-35.54630825099062,6.444954995648751,26.36095650626017
2001-03-25,-15.322757287395927,-35.93647826143039,7.888085607357577,29.34766550696069
2001-03-26,-13.857218211615503,-34.91496384047498,7.54154767297927,29.244507002544694
2001-03-27,-14.199623850748303,-35.20068660293462,7.340294131494138,28.183211321505482
2001-03-28,-15.33542975042988,-36.82928931702429,6.824296795118882,29.76186360899986
2001-03-29,-16.411965032678033,-35.607356195140156,6.733131670113062,28.296411813399743
2001-03-30,-17.57684533561297,-36.821470825480574,7.318193082247941,28.274755912676795
2001-03-31,-17.34729739304531,-34.58854900053521,7.881958947405867,27.158575875170545
2001-04-01,-18.300024221555912,-35.45259664437605,8.232769943488668,27.224856020644125
2001-04-02,-17.785168167141332,-35.46710105132096,8.196891607984194,28.384995115980747
2001-04-03,-17.724462194506213,-34.77690154680321,7.357788508325088,28.600033242693172
2001-04-04,-17.710588305240368,-33.77664816625238,6.1181032322791875,29.55578644432337
2001-04-05,-17.438341642145435,-32.87817649414732,6.867596507556063,30.56936698450503
2001-04-06,-15.914003177293182,-32.2751211510938,7.44940373367538,30.046142121191853
2001-04-07,-16.07780943023113,-31.762056253957763,7.499556501888778,29.228603592752613
2001-04-08,-14.68951230549989,-30.684868915999402,8.938726768520842,29.89000450890635
2001-04-09,-15.681723633411655,-31.025192044689273,8.993237944704513,30.90732306425824
2001-04-10,-16.05096349641311,-29.83463826305762,9.732045349478224,30.741852602105855
2001-04-11,-14.640918707951036,-31.352042850944947,9.174184431932078,30.289264971500483
2001-04-12,-15.214476448500633,-29.922683852896846,8.593932472973547,30.047607829249248
2001-04-13,-15.716735102285291,-29.11020163809875,7.330431435380253,29.358996857512288
2001-04-14,-16.553069831662935,-29.181669727462765,7.257860865611313,27.356690342105164
2001-04-15,-16.382398008684394,-28.195840666412533,7.209263123304728,27.92849635651215
2001-04-16,-15.018853453677679,-27.96190715614188,6.7692799941696045,27.469294565525075
2001-04-17,-16.97201822655654,-29.321637046327258,6.211693990139869,27.9426422873902
2001-04-18,-17.097621831452408,-29.723278745990157,6.423460736966283,28.24207569248464
2001-04-19,-16.87860512354568,-31.04156351097144,4.520498188969321,26.81414389372863
2001-04-20,-15.650163984242342,-30.33442140986002,5.041778392959752,27.980142329726323
2001-04-21,-14.509638676403597,-31.557780523598087,5.29226724479056,27.957741384507976
2001-04-22,-14.86434650525958,-31.859042946601246,2.835090974327236,27.786872112013747
2001-04-23,-14.260586124403414,-32.02118108119973,1.4972139253792573,27.375845166621396
2001-04-24,-12.138843888363134,-34.775061487999416,1.739653015801382,28.285813600372716
2001-04-25,-11.852022027099192,-35.2684019982195,3.0608311307460956,27.871104797515773
2001-04-26,-10.753380482033027,-34.27434400008956,0.9129531761263725,27.94545105966511
2001-04-27,-9.931637234867681,-35.53670268567141,1.2111244939411017,29.69739900632781
2001-04-28,-9.289428553223672,-34.74246110497702,3.004773747225225,31.306166439818668
2001-04-29,-10.128696117543823,-34.15849020418683,1.6434018916525925,31.60383848648837
2001-04-30,-8.502560025769743,-33.52066836829313,2.7257558250897977,30.17174791833269
2001-05-01,-11.137191048589948,-33.35660116726126,3.126956178541487,30.428017651181346
2001-05-02,-9.84159042549351,-34.6622915282914,2.724920513598338,31.39070358054503
2001-05-03,-8.843960544202696,-35.02286703210084,1.6729241751738493,30.823394303603024
2001-05-04,-10.114969117758172,-35.997004667736924,0.994323662555298,32.65311707008071
2001-05-05,-9.752338696261656,-33.5838475570882,0.8303588944947831,33.11261804636222
2001-05-06,-10.444812017902242,-36.545458360036264,-0.22489368496636275,32.87695422291841
2001-05-07,-11.009767529274766,-36.368326119287936,-0.6405117142660723,31.49657056603919
2001-05-08,-9.917763957946038,-35.0075393795272,-0.6145830334667257,30.028495859399097
2001-05-09,-11.001278328108155,-34.576061511762774,0.3804179098222854,29.523402847334307
2001-05-10,-10.164075255349259,-35.797199333342,0.5285171860678153,29.965981595436855
2001-05-11,-9.976894116068998,-35.6824458112591,-0.026842650113893418,30.240484941420576
2001-05-12,-10.08618772350061,-35.2608704603477,-0.19187155949786508,29.52634682002501
2001-05-13,-10.436114854290011,-36.3469856010727,1.3581792588707144,28.289750066844306
2001-05-14,-10.739523019767091,-37.413159930558486,1.5020092929356803,27.853986069804158
2001-05-15,-9.267848002436043,-38.33296605049117,1.9711852156802134,28.07620229499502
2001-05-16,-7.298300695170184,-39.77330352375286,1.330746397094696,26.697261330332744
2001-05-17,-9.264772983564947,-38.39689583613578,0.8073786930353203,26.806972534031157
2001-05-18,-9.543324310533771,-37.38048060123902,0.9525800796090005,26.9503494555084
2001-05-19,-7.929278827258803,-36.95563403758371,1.7464695378645456,27.05170958221737
2001-05-20,-9.324036521388743,-37.32562603050896,3.117401476416304,27.09073518934131
2001-05-21,-8.598361867520664,-36.97080894559644,2.9232886102914035,27.473802007431924
2001-05-22,-8.994732538380212,-36.36389424945671,2.4365337724245704,28.556329894750768
2001-05-23,-8.132465524811437,-37.71261278459564,4.378584928513723,28.342033108955295
2001-05-24,-8.99461788088711,-38.32881795687839,3.322509575311938,29.306327604149548
2001-05-25,-10.010532020382339,-38.38691956083896,4.00931496990883,30.46649304114337
2001-05-26,-10.993417503376971,-38.152198634177154,3.676237887266522,31.724367268450703
2001-05-27,-10.354318475172018,-39.73572370257325,4.50496210460368,32.53565568102159
2001-05-28,-9.178562655612152,-40.47253704622883,4.752082039034037,32.68840579347501
2001-05-29,-7.5429117159475485,-40.484396622147436,5.596097043829429,33.937491885429324
2001-05-30,-7.540959422772185,-40.7376357347415,5.631519559216891,32.43314260436108
2001-05-31,-7.20876906496546,-41.71675755610298,7.153140607514416,32.592407238552006
2001-06-01,-6.033446835765028,-42.031835384783754,6.478522652046117,32.34574944554446
2001-06-02,-5.110057586014862,-42.81679319538799,7.055349986293263,32.06948909269299
2001-06-03,-5.543607556593168,-43.43821596522071,8.368114741239683,33.39773885835833
2001-06-04,-7.175428789475419,-43.52779465104795,9.281360213444195,34.07391144478059
2001-06-05,-10.190424909407717,-43.094897707452056,8.382920107732655,34.51837932257217
2001-06-06,-8.263420636446119,-43.457947777258056,9.583408087285662,34.40084196349715
2001-06-07,-6.925089833855459,-42.814059616804684,10.412212331891244,34.180070864847366
2001-06-08,-6.614349210071176,-42.32232933733011,10.588690663368704,33.708940052469046
2001-06-09,-6.683285440508708,-42.45498304943393,11.431705857544985,31.720354599872728
2001-06-10,-7.154535076900192,-42.69086653404196,10.780576844981876,32.34817691694697
2001-06-11,-7.869351016752599,-43.46774108791395,10.733496879961452,32.99713858920856
2001-06-12,-9.63887136499557,-43.15793748388385,9.454615972185376,33.832358457022714
2001-06-13,-8.618689464819234,-41.91625262304982,8.672321925638679,33.41396206634756
2001-06-14,-9.591212711658304,-42.34557626049204,8.561488404141977,33.850069753213816
2001-06-15,-9.543623966634458,-42.31387484612895,7.194006432527962,34.619835320824635
2001-06-16,-11.476182267116714,-41.517114036516205,5.873685991021724,35.00963914040857
2001-06-17,-11.222952842127492,-41.8742917936676,4.01630327378061,34.76907290815905
2001-06-18,-10.348078252870291,-41.23986324506768,3.8600843509677976,34.42022517753911
2001-06-19,-9.806877844141459,-42.20651433265433,2.5659122810924964,33.03430423367666
2001-06-20,-9.25223444126051,-42.1060497113063,2.896971429497773,32.86082947511755
2001-06-21,-10.553683266584988,-43.03708220340168,2.875020019155848,31.85762877068779
2001-06-22,-10.508125947477303,-45.05879716719898,2.484160599093644,31.78897046934438
2001-06-23,-11.118897083880508,-45.996557396380325,1.5466398176996305,31.454729870106693
2001-06-24,-11.072205644425026,-45.27196892490813,2.7419273671013515,33.22306145881153
2001-06-25,-11.34628475012359,-44.169555499718626,2.2426080599489495,34.8661418486546
2001-06-26,-11.239769020065335,-43.880918139738114,1.7371260000737943,35.15617768875942
2001-06-27,-10.810922082218745,-43.40188242367354,0.7367653777503671,36.19514246734617
2001-06-28,-12.162751133147655,-43.01765635298772,2.3450425075384844,35.07584151025232
2001-06-29,-12.297432178876436,-43.51726237641168,3.571868414228068,34.479884180499305
2001-06-30,-12.153959151950195,-43.32823101922169,4.192480248344429,35.07264986262301
2001-07-01,-10.333753568129135,-42.795507612895896,3.075380892906382,33.01961045401072
2001-07-02,-10.236360022306492,-43.67674184730865,3.4860868883328573,32.801075596674444
2001-07-03,-9.589810000454513,-43.8579686213201,6.18619143191183,32.87254367100612
2001-07-04,-11.536712231483135,-45.11034339128719,7.668918163301674,32.416089640407
2001-07-05,-11.335493235383499,-43.387534887769704,7.300876592999541,32.50585923176101
2001-07-06,-12.281110550814683,-43.32200983605779,4.745164562461147,31.043131926359198
2001-07-07,-11.737241295203253,-43.07633438826523,5.044011964038524,31.986426803066607
2001-07-08,-10.558697173064546,-42.4179859650877,6.166946446276084,31.962128777566278
2001-07-09,-10.14171806403165,-42.42344156671305,5.727170183927777,30.482720953077003
2001-07-10,-11.99567313952307,-40.38800205672477,4.638199547121231,30.272669129085216
2001-07-11,-11.948739494976852,-40.1088245275715,5.764179194813605,30.422066471420266
2001-07-12,-12.475337532690942,-38.959664846213926,4.127319276493703,30.68757717368987
2001-07-13,-10.629879945624799,-38.99580201150648,3.851958880831533,29.021432191301734
2001-07-14,-10.167293093525801,-40.57584975960538,2.496860898518021,29.297656802763736
2001-07-15,-10.795521383017947,-41.3049231402724,2.812706667773081,29.206649143720657
2001-07-16,-10.94479189273598,-42.39633689735744,3.9807922156893603,29.024987524604985
2001-07-17,-8.797778340551147,-43.05927252966307,4.954468953345426,30.254682805547045
2001-07-18,-8.896136202995752,-44.125777051424784,5.429946250958797,30.082039961514916
2001-07-19,-8.106874703536093,-43.43200693328625,7.923977826071199,30.013060312582066
2001-07-20,-9.924782614400923,-43.97668608311579,8.378839815319479,31.282143809645692
2001-07-21,-7.789321595992943,-43.22387050264516,10.028532108414685,31.122324483107814
2001-07-22,-6.569821560053119,-41.96979493456843,8.693519160870464,33.36526758302918
2001-07-23,-5.559648312513069,-40.0368452457657,7.892794156022687,33.18221701997436
2001-07-24,-5.686367045774498,-39.302272314680245,7.312821351076069,32.90074895390891
2001-07-25,-6.503912682348249,-38.33176997695879,7.96292703199143,34.29017682490451
2001-07-26,-6.022276794571359,-38.4887235199982,9.085745171415208,34.60217704078638
2001-07-27,-5.731564402463256,-38.46762248344568,8.310318261196917,34.32615174812019
2001-07-28,-6.671107805404777,-38.54258415930057,8.420639509056045,34.292585847352726
2001-07-29,-7.741151363030113,-40.366575527855986,9.057728062256903,34.78045660664068
2001-07-30,-7.727318592422104,-39.99224674775102,7.940122631989814,34.3074801906172
2001-07-31,-6.9549324339458085,-38.38227774977041,7.715725407912645,34.34551907768474
2001-08-01,-6.28837775923447,-36.51418092960359,8.395071497770548,35.39335183541115
2001-08-02,-6.091232968918191,-37.074162885732086,8.786052301824464,34.97074934901418
2001-08-03,-5.790885145592792,-35.96576173969601,8.670641178087962,35.48116821317889
2001-08-04,-6.961209177567967,-37.20786813107608,7.5518900498517185,38.18613136435097
2001-08-05,-6.003497116749824,-38.28227060166905,7.758750044841456,35.47808155608217
2001-08-06,-7.6645538044432735,-39.59437576796803,9.825795251897597,34.33841515125876
2001-08-07,-8.460935098766745,-40.14572988058706,9.072628086249686,35.403709038743855
2001-08-08,-8.703067741295678,-37.94951749404321,8.215385869921159,35.97319217695433
2001-08-09,-8.988324656897914,-36.39646925830056,7.851075892998137,36.826719673494345
2001-08-10,-8.535100392887246,-34.71714782618424,7.402801905349934,39.13199046855668
2001-08-11,-9.141712709032259,-35.735319891066986,7.811574769030948,38.23141368988339
2001-08-12,-9.420126401237303,-34.58303959348321,8.155630421101296,38.88416146502082
2001-08-13,-9.982226305051388,-35.59641779433663,7.287115856617121,38.394437746373676
2001-08-14,-9.849446122494363,-35.54720480745769,6.649204996799985,37.81613733944276
2001-08-15,-11.658179845587354,-35.952835036683844,6.300839931035506,37.36189514545946
2001-08-16,-11.108340187874424,-35.86844928012735,6.351780919966232,37.61666098315975
2001-08-17,-11.404143789827184,-35.10527450752959,6.873306470944078,38.174025491555525
2001-08-18,-10.635096337797485,-33.26170969720219,5.601864913003316,38.813467770148975
2001-08-19,-10.925254688744186,-32.68723150282026,4.53148635258218,38.07519169593641
2001-08-20,-10.94330144279333,-33.00118174668908,3.38858345891503,39.63559665689477
2001-08-21,-8.569802785939984,-32.611720054991615,4.8124500565701265,39.366362106722406
2001-08-22,-10.096443261938543,-32.14157880035174,4.503015646422527,41.21343315255219
2001-08-23,-10.900313862084918,-33.13204183095708,5.1723224360836095,42.610933150114064
2001-08-24,-10.918824796601468,-34.45037842363803,5.839591941071906,43.46685116426168
2001-08-25,-9.577728340103054,-33.86475540311277,5.146717230797924,43.45833673452179
2001-08-26,-9.476182360859738,-34.7486175270398,5.424991045280623,42.8958221954835
2001-08-27,-8.436809145107505,-33.19886150040248,6.165930250991613,43.08297774649577
2001-08-28,-7.7392678561868555,-32.76845034860279,4.340159763906135,42.84784184629451
2001-08-29,-7.060403062400495,-30.48668476161761,4.548552203544636,42.45572872311525
2001-08-30,-6.250267863727016,-29.198779963770757,5.5624778295965145,41.016115866826944
2001-08-31,-6.742965827640826,-29.47400304039384,5.935425183101013,42.37959655842156
2001-09-01,-6.5403993277864885,-29.83196814951231,6.975335708865618,42.0614175603305
2001-09-02,-6.83287380371101,-31.40884329717572,6.28480189148958,41.41088222969274
2001-09-03,-6.244241632288876,-31.654798381288433,6.681135253758718,42.431312102577735
2001-09-04,-6.653498719071123,-32.32078712504649,5.5070496672832085,45.37015574459213
2001-09-05,-5.834625649330205,-32.001122073588476,7.617167334137487,45.58085883279789
2001-09-06,-6.6607887912758645,-32.445583466432055,7.145065491438921,47.96752467973491
2001-09-07,-5.507765283743747,-33.84220357694553,8.938063952851188,46.594175556214616
2001-09-08,-5.4655528834394955,-33.94341118489906,8.368691042746564,45.172414877801835
2001-09-09,-5.6114413469159015,-31.45288028791429,9.588708469397334,44.814089181833616
2001-09-10,-5.7168957909681595,-29.71060516443126,10.510812145531279,44.38959942069351
2001-09-11,-4.045532119346044,-29.88179595232606,10.510567524269563,43.74157000735606
2001-09-12,-4.600924658897103,-30.52364808796177,10.674997470190869,45.435776793112396
2001-09-13,-5.343639544044674,-30.248781997371005,12.318796545284217,46.02024750909314
2001-09-14,-4.763924944830476,-31.57131579320856,11.488456959766859,45.378060579846704
2001-09-15,-3.49942596855694,-32.14921457498493,14.125682303924439,45.45809738764105
2001-09-16,-2.6209098254555054,-31.220148598863496,13.616065164027592,45.8523523558772
2001-09-17,-1.895891522243076,-30.054985584964044,13.32150134880486,46.298960977871566
2001-09-18,-3.142892511926525,-29.0983682506228,13.291826383520577,46.18434463797533
2001-09-19,-2.836840985784954,-28.360658113079452,11.95428481401843,46.37792378796941
2001-09-20,-2.8208832511988495,-27.6218372333523,12.652730471158309,47.046512500472744
2001-09-21,-5.262443636779754,-26.86588818521953,13.177740795879979,47.73231206993907
2001-09-22,-6.573830083774709,-28.164417596168306,12.121493689786057,47.27443293911091
2001-09-23,-5.285497927312944,-27.743894433216685,12.7402356256706,47.18881756307357
2001-09-24,-4.916527864983041,-28.686836230543534,11.895623773164221,48.38432745088203
2001-09-25,-5.894297966066355,-28.082985739532326,12.766285469234766,49.78974901971922
2001-09-26,-5.231661647248367,-27.192505431300802,10.805141715839516,48.50716811467312
2001-09-27,-5.5143171032660065,-25.783620329934003,10.764573218680626,48.046401079877086
2001-09-28,-5.8431851813018385,-26.11969627768076,11.576053929270646,47.972125777079455
2001-09-29,-6.184761526549082,-26.699017117243255,11.655753207781192,45.827641582887345
2001-09-30,-7.103680771262546,-25.02567567854229,12.493342670989744,46.210817566006426
2001-10-01,-7.379887278081148,-26.659915535079566,13.168014822829015,47.67771656721347
2001-10-02,-9.774788852965399,-27.526045084823547,14.02275097268676,47.628015033351716
2001-10-03,-11.262568948863446,-28.09300375027467,14.279606408776367,49.1685070600732
2001-10-04,-10.385688615401811,-27.95850167397726,15.334630656748606,48.125526540831814
2001-10-05,-10.570604536350098,-27.59213362357512,15.479625158128199,47.984657451035694
2001-10-06,-11.782479163286805,-27.071803514013332,13.492135484878464,46.174491580001494
2001-10-07,-10.189659003357045,-27.282529680466954,14.204392525336516,45.85173079691942
2001-10-08,-11.078585973541582,-26.329435941997946,15.860714372875137,45.62055549791062
2001-10-09,-11.61247704647065,-26.960259488406038,15.035062009850254,45.30232834307679
2001-10-10,-13.015012476582767,-26.685894954408518,13.45041967629169,44.316204608882785
2001-10-11,-11.918380807391202,-27.24412833637063,12.582546441568184,43.11855574994179
2001-10-12,-11.710095273316902,-28.075264200525034,12.147999768583855,43.37887421274396
2001-10-13,-11.001508486860123,-28.423920733339262,12.601026803741739,42.25943545314736
2001-10-14,-10.77627913054771,-27.312459922617215,11.796667841348208,41.840107565504454
2001-10-15,-9.503004704623493,-26.63483132007794,12.070333382702561,42.552784066944746
2001-10-16,-9.304960590904836,-26.694272670562814,11.11705448640896,41.908955563081484
2001-10-17,-9.551924999139715,-27.919647644760317,12.008958467829792,41.410502674306244
2001-10-18,-9.332730361307707,-27.989056094607196,12.762735069575728,41.00488089044888
2001-10-19,-9.967900089630605,-28.31626405378529,13.421206039890865,40.77231099000585
2001-10-20,-9.691591785613339,-29.093303311309086,13.830131486556123,40.67828576787423
2001-10-21,-9.68027347896048,-28.74296088048533,12.5955577140618,40.7108311436666
2001-10-22,-9.575730264016046,-29.47558122736748,14.06269974403465,41.723296010165654
2001-10-23,-11.487127380025372,-29.105833558670458,14.205426876651902,43.65151129050238
2001-10-24,-10.991321540464584,-28.336526160858796,13.653107567350277,43.441856495228485
2001-10-25,-10.60162499953123,-28.505545140188975,13.76888101571721,43.753889955093555
2001-10-26,-9.617583827878077,-28.43700569899841,13.28493263993603,42.64205465770842
2001-10-27,-8.235286886527753,-28.46408740089644,13.321799119031315,43.22001060572078
2001-10-28,-9.999996880459335,-28.278182070009212,14.008582674097626,42.63323047591785
2001-10-29,-7.35541423816988,-27.15725689609545,15.00793483311084,42.247867365126716
2001-10-30,-7.496561530103618,-26.01303926689744,14.135417334721245,41.78737414705602
2001-10-31,-6.951531805339084,-24.675270383204058,14.573615218788087,41.001829668466
2001-11-01,-7.616614397475377,-25.66092126298849,14.531577540584887,40.37918908074076
2001-11-02,-7.270899292920978,-26.037101051274977,15.894042025228515,39.97401685277937
2001-11-03,-7.734501233585127,-26.07344695624379,15.604533883089198,39.08741409194069
2001-11-04,-6.036544235963262,-24.61182852200761,14.932602596988936,39.367838756504604
2001-11-05,-5.920763485832022,-25.47225631157977,15.325739311102089,40.88825560696405
2001-11-06,-5.271076028243723,-26.711187899112808,16.50258345371732,42.26568354088806
2001-11-07,-5.446705829025624,-23.925353135797792,15.247917471102948,41.349122223923004
2001-11-08,-7.959039103329031,-23.56622299460806,17.550084513658366,40.76102713206675
2001-11-09,-8.000484639035593,-23.741067419574783,18.08412802417754,39.70193323202692
2001-11-10,-7.194427457127052,-24.504423293962358,18.111977147507414,36.72442428848369
2001-11-11,-7.542472838026951,-25.397921862653888,17.97685717015708,37.981138618052704
2001-11-12,-6.4217917902111505,-25.194867103032262,17.6712945101748,38.422306961936584
2001-11-13,-7.174087144631322,-25.400804716872837,16.43486453697129,37.71803645095836
2001-11-14,-7.287677468559281,-25.935802027991446,16.160293165282486,36.38984881683174
2001-11-15,-6.910968383283545,-24.694631213058013,15.490387999086305,34.102864887621
2001-11-16,-7.639383176576864,-25.445323707153793,15.260868975606721,34.07554629911078
2001-11-17,-6.766886305572765,-26.634324797050674,15.989735015889567,33.53113626836093
2001-11-18,-7.3170011816060025,-28.71602675202911,17.465285514147883,33.644734035035924
2001-11-19,-8.131834884659582,-28.28272330577143,18.54128315920743,31.75462950413226
2001-11-20,-7.969346375412805,-30.164831999096158,16.928291116893273,29.87460045375716
2001-11-21,-8.990897376205309,-30.878751553099246,18.719320944870788,30.052975129521297
2001-11-22,-9.599569113696752,-31.66988424775725,19.599612776313034,28.595742166447952
2001-11-23,-7.790358008097202,-30.759092730677843,19.068245705788183,28.932441179136468
2001-11-24,-6.543555606239604,-28.37355975180706,19.8762335136926,30.153101427639385
2001-11-25,-7.976603293006981,-28.70759086367642,19.694803405039043,29.864034259463423
2001-11-26,-7.831378525283102,-28.264767722439768,18.86837877412737,28.96100677435258
2001-11-27,-7.616375185786607,-29.04493903196558,18.427281075766057,28.805598144111162
2001-11-28,-7.936916164072835,-28.09949414208265,18.233135813930524,30.114555293982356
2001-11-29,-7.690641005667915,-28.659710589686142,19.52067109048253,29.606432994564287
2001-11-30,-6.36448655173768,-27.980813392694447,19.55368442645337,29.694943371363305
2001-12-01,-6.730107963616753,-30.158849448863283,20.244649112654294,30.583138936271816
2001-12-02,-6.199014554289632,-31.355142435943556,20.525732269555938,32.70395642683329
2001-12-03,-5.6153911110450085,-32.698774238594254,21.115924166516642,30.271282039467906
2001-12-04,-5.986579560140575,-32.44865176116067,21.587822302683968,29.040233976457117
2001-12-05,-5.057536823198797,-31.97171617459137,20.039121334654777,30.273318411169047
2001-12-06,-4.22739275594352,-33.15973963638568,19.35356460504786,31.269595125695833
2001-12-07,-3.7768043895374808,-32.491100197312846,19.698207887713895,31.423886015700678
2001-12-08,-4.140831639651968,-32.72546652579247,19.572484505056682,32.682098342138204
2001-12-09,-3.75999147186597,-31.076754862041245,20.19972369349911,32.693173636263694
2001-12-10,-2.9106712727117006,-30.3776947343305,19.999679533453268,32.220214463066924
2001-12-11,-3.3170437145254867,-30.74197548167298,19.0373128437882,31.42101584672929
2001-12-12,-3.9132674946917883,-30.10011546134451,19.87808140871887,30.98148268408199
2001-12-13,-4.478920592723642,-29.92656216386035,19.459244941393024,29.86744831342805
2001-12-14,-3.3311082056146812,-30.120295858277565,19.004951841457515,30.962626558273012
2001-12-15,-4.145216168134756,-31.47112533331738,18.100904128081982,31.90163991055986
2001-12-16,-3.711394640584345,-31.116534326419306,17.89473520382048,30.008541323462953
2001-12-17,-5.016214250610514,-32.262789901096006,18.186462286035987,30.924271654534007
2001-12-18,-5.556399249997485,-33.13740645280363,18.152973141177238,32.32845083894196
2001-12-19,-4.286528308261257,-33.423455763605574,19.260449917124866,31.057169879418637
2001-12-20,-3.1053219292352807,-35.1825865620839,20.234264511218147,31.288855311019326
2001-12-21,-2.3799675760065,-35.15293239264309,20.622731244079713,31.062165408645228
2001-12-22,-2.0705953487248934,-35.586442207500134,20.804770846917005,29.892450591720124
2001-12-23,-1.1998710958649506,-35.137708277716065,21.824541426645098,28.25033780980875
2001-12-24,-0.6101101441895667,-35.425326718111926,21.52971070285446,28.745553522617307
2001-12-25,-1.215244706952968,-35.686175688066335,22.31635132829369,28.788590778012853
2001-12-26,-0.7820209387953532,-36.444892888067265,21.432899217212366,27.35338815730853
2001-12-27,-0.8397226776680227,-37.96317967712846,22.640500376404997,27.62119522237371
2001-12-28,-1.511743445657852,-37.10674036469064,22.576175899643918,28.1674541790507
2001-12-29,-0.7405390081230222,-35.819870873193366,21.209172485058417,27.01566925728033
2001-12-30,0.8080227987109699,-36.213700442195666,18.724843609027232,26.435612005022122
2001-12-31,1.4398490748195583,-37.693895695299894,16.620301828238286,25.073663568204893
2002-01-01,2.0336294593218187,-37.909847689309224,16.386767443032262,26.308950875582838
2002-01-02,2.6255512236262373,-37.163248386035455,15.50821498887112,24.247726667605217
2002-01-03,4.080238509082775,-35.517824171688545,16.141523624034594,24.96405327414035
2002-01-04,2.3982910142560323,-34.77453572956783,16.976470668114604,24.604131691085485
2002-01-05,2.5779652609885577,-35.00249157106271,16.76021976966634,23.949631561682466
2002-01-06,3.078895566787769,-35.1737926171119,16.849351705989854,22.74689279820258
2002-01-07,2.756610251707839,-34.6811288539759,16.880972030956094,23.05473608131897
2002-01-08,2.5679482519241215,-34.31095262576617,15.897697019618137,23.942421280192924
2002-01-09,2.430868096240528,-32.85456709715539,15.243815696242295,22.04013316618376
2002-01-10,0.19665527234510893,-32.01471162555705,14.284591637935279,21.242241104050418
2002-01-11,1.0283108422770255,-32.603571146100776,15.213968268160505,22.223074948891654
2002-01-12,3.301958202231705,-34.984978915561115,12.707216710256683,21.760140584139048
2002-01-13,5.140073390296693,-35.587642377525974,12.295109384186777,20.984895180176768
2002-01-14,4.3919725832397845,-35.09606887445952,13.701222372086956,21.50524848819296
2002-01-15,4.137189353246604,-34.403878231379025,13.727007703992497,21.11927956049402
2002-01-16,4.40177473526137,-34.95656427229892,14.444133527723645,20.513014231821334
2002-01-17,2.835175049515393,-36.14369875878961,14.991048062826296,20.348709039822396
2002-01-18,2.450729791109406,-37.99573835476412,15.350564780619644,20.54937537848323
2002-01-19,3.3843771433273035,-38.235383428676826,14.057685833840736,20.462405406506164
2002-01-20,1.8768268539909347,-36.447130126871805,14.440421702473298,21.272915247407223
2002-01-21,1.7250244985604215,-36.79855565442655,14.079200205044113,21.1099079689693
2002-01-22,0.8149548444653625,-37.49110283490319,13.185208927843055,21.633965601828052
2002-01-23,1.752707823667056,-37.73145166466684,13.318790424138824,21.148626892221305
2002-01-24,-0.29430608166061,-37.59263007431196,13.22537814302319,21.39714171537431
2002-01-25,0.04851453970802033,-39.14851582161888,12.444775151225242,20.82081773428678
2002-01-26,0.07470726651824632,-40.79531913515308,10.683418263711213,20.572705069272175
2002-01-27,0.037577802857927875,-41.18242489983024,11.878767767127421,19.784069354249215
2002-01-28,-2.4408030455713416,-41.42097274330961,12.436147416453041,21.340611249248642
2002-01-29,-1.6333980027867843,-42.755232400563,12.468939197592247,21.838883244273283
2002-01-30,0.7958534857291455,-41.593244510086514,10.577193389496902,21.8965162071024
2002-01-31,0.9593562434099288,-41.948376586505304,11.256028470795991,20.908414494824015
2002-02-01,0.2675603062554378,-41.2568498985424,12.702938056413567,22.3360044935201
2002-02-02,-0.19571876390707443,-41.21627085410606,13.06502278171014,22.58061473602558
2002-02-03,-1.44931643677574,-40.85203799837385,13.898070529134928,21.62905739306044
2002-02-04,-1.577490241281839,-39.66959549758471,12.721071607993151,21.74596665196116
2002-02-05,0.7234946021764164,-39.21039049123645,12.431018008396359,20.22114349375688
2002-02-06,1.19096558982002,-39.18713797044469,11.485747157504496,20.60455952874898
2002-02-07,0.8176087612448075,-37.855330670000626,10.254589959451344,21.969920473286546
2002-02-08,0.924320875321564,-37.00589727176452,10.96702252475451,21.912606282501223
2002-02-09,-0.048227972663797414,-36.02725227635093,9.679830837824875,20.697055337686624
2002-02-10,-0.18174735270730297,-35.92235550929897,9.936269660883118,19.506223405777146
2002-02-11,-1.463277034089136,-36.03399203311262,8.073233709863445,18.356021760570798
2002-02-12,-0.7282080775727355,-35.58007314623504,7.370556325106078,18.16713614014915
2002-02-13,-0.11883360865860704,-34.608178588039884,8.544925598892128,16.162423026744147
2002-02-14,-0.6895396875467491,-35.03111879242155,7.333033743213896,16.623000552363834
2002-02-15,-1.515871007030166,-34.27595159355122,8.129110736297886,16.740201559268705
2002-02-16,-3.110973760743063,-33.953159470407776,8.04577377345393,16.91563686521401
2002-02-17,-3.954556188051956,-33.05632949010203,8.66948689203452,17.296450085356703
2002-02-18,-3.6376487462624025,-32.87348174856214,7.916124094674818,18.44673780523357
2002-02-19,-4.065338024987461,-31.140469913461537,8.7107186485379,18.714169151117602
2002-02-20,-4.159727763963846,-33.02882544273509,8.233592035411412,18.751953411819816
2002-02-21,-4.724584095906948,-32.47371984207657,7.521495545813626,20.924560849168657
2002-02-22,-2.900375145358379,-33.27158554910017,6.884888783072267,21.904083983802643
2002-02-23,-2.1344466693034034,-34.4265719737918,6.527983335009036,22.121321522739663
2002-02-24,-2.4650327923678756,-32.69119352474183,5.289267063519997,22.687277970215614
2002-02-25,-3.752500177923507,-32.538810803518075,5.446570363195616,22.94644264024479
2002-02-26,-2.7292896455557587,-32.154436124041176,6.607132920223306,23.856053554282255
2002-02-27,-2.7447616383547144,-32.237152055540655,6.759112095482205,24.70815018791671
2002-02-28,-2.760721195628297,-32.29778044924895,6.425687895931451,24.897930289977744
2002-03-01,-2.9131993412604924,-31.889578750335026,6.515279673551453,24.99478330262842
2002-03-02,-2.214543556930887,-31.660011985765994,7.034838308073965,25.903606842848475
2002-03-03,-2.2374183717537193,-31.836761963335533,6.685238826471611,26.2684895123002
2002-03-04,-2.6558337143572377,-31.57392109083666,8.254844320009742,24.171077369333005
2002-03-05,-3.4052442020459877,-31.29017885603711,8.101162576977508,23.745341529135604
2002-03-06,-2.3352789420596403,-31.202795588723667,7.992152528893304,22.801220203403414
2002-03-07,-0.9323035822998731,-31.119670941018484,7.74215648524434,23.309943263926392
2002-03-08,-1.231705250668286,-32.050201836810125,8.146923882376525,21.991380180685024
2002-03-09,-1.6895285860327216,-31.11822797643798,8.069292682142937,22.668491363034118
2002-03-10,-2.3068828044425067,-33.5238094538821,6.772122455667193,23.86873136560222
2002-03-11,-2.3224412320432046,-33.97449166181467,8.232506761920742,22.733224099203937
2002-03-12,-1.2938655911803516,-33.82728105517842,8.525501478257398,23.65206707041067
2002-03-13,-0.9324793695920706,-30.957486792343534,11.040366920392408,25.321453255043952
2002-03-14,0.6307206581668525,-31.2699952046051,11.649102506932923,25.358108452028482
2002-03-15,-0.6165402432826257,-31.412359798342372,10.137339370690512,24.922906120786894
2002-03-16,-0.14207725688882827,-32.17527978326287,7.432940424498154,23.9981100250229
2002-03-17,-1.0274951138348876,-32.3023538287336,7.352501538469964,24.743380960942424
2002-03-18,0.744088974580996,-32.17818591739955,8.191676577019516,22.774308052081338
2002-03-19,-0.514646923503197,-32.32868083131414,9.330239492675348,23.372507571255507
2002-03-20,1.135643476585371,-33.51023254944169,9.250638003583184,24.238967791132072
2002-03-21,0.6378818647789855,-35.25108503035129,8.741744921465234,25.767378335570125
2002-03-22,-0.2932690290918115,-34.590653652831904,12.028828666679154,25.103439027136304
2002-03-23,0.4372164648509693,-35.42471798304424,11.726863879490603,23.79958583449042
2002-03-24,1.0394381653048255,-36.0337735230879,12.08890982796159,22.41379420183259
2002-03-25,0.25618980225214494,-35.5830186576578,12.681564696992524,24.1467093877014
2002-03-26,-0.6045277316915866,-35.59648802776011,10.932293342824657,25.582112951951093
2002-03-27,-1.666324473953444,-36.581082286948586,10.446106756758441,26.184506553369495
2002-03-28,-2.1827628582066074,-36.2764515251794,8.772861011918272,26.037639283393524
2002-03-29,-0.6885116983548416,-35.88415065369844,7.591046139239282,25.710028363340136
2002-03-30,-1.8555151551202875,-37.25209344217882,7.504440982750292,25.185937936504722
2002-03-31,-4.31319051590688,-36.846377382940545,8.109469593335987,26.356911223584934
2002-04-01,-2.9261397500423447,-37.12818221610784,8.328175559332802,25.860166090304915
2002-04-02,-3.720349732278875,-37.41039851933888,10.546377094711573,25.49638101107472
2002-04-03,-2.7516289209215277,-36.66358792385833,11.829313403149722,24.629882372437407
2002-04-04,-3.6057509060999844,-36.08904238462299,11.841480864021804,23.497354591148746
2002-04-05,-4.003443737369621,-36.638607563158345,12.238812751658523,23.2550934965964
2002-04-06,-1.936132938324222,-37.164652882845246,12.884185866758925,21.297780914099206
2002-04-07,-2.505953514121238,-37.00179790483905,13.368369925098305,21.079077361777923
2002-04-08,-2.1742314797674474,-36.55967067799512,12.90192823141225,21.13494945641124
2002-04-09,-1.6817205608344308,-34.41650252168515,14.025156594050536,19.74083431321385
2002-04-10,0.20395178070503928,-36.09478890918846,13.555303727850019,18.557800644780134
2002-04-11,-0.20237792172864766,-35.341750322529855,13.398014363337172,19.17495866021326
2002-04-12,-0.5247108206003264,-33.13663905763148,13.49900303614204,19.082645014471673
2002-04-13,-0.5448088040430547,-33.35216554024736,13.027598364330883,18.026540223931605
2002-04-14,-1.174489131939361,-36.07285485369754,12.86422852156066,16.43303677185399
2002-04-15,-2.9473109870985303,-35.999834558115495,14.160584948332234,15.92228061363547
2002-04-16,-1.8239445192662278,-35.87780576356661,13.467925221053775,15.575348647114657
2002-04-17,-2.6885474387656374,-36.183037901267234,12.359176313409703,15.06762313405304
2002-04-18,-3.0629265289592595,-35.18171808386349,12.928171066468709,14.637885884650055
2002-04-19,-3.6353483526050567,-36.773141949166835,11.392403946474598,12.602667178669288
2002-04-20,-5.337308792663801,-34.70988673156886,10.181291832947707,11.567220232709314
2002-04-21,-6.209197493490007,-34.77160973674877,11.098353317183076,11.396347740742904
2002-04-22,-3.9640763744673153,-36.306990849994534,9.996641144480776,11.702936572205513
2002-04-23,-5.61368076060667,-32.84299547646711,10.375091631181222,12.657024252873033
2002-04-24,-4.924043751671103,-31.179408906577248,10.45288422175442,13.466428705060476
2002-04-25,-4.09385850973062,-29.718308831783943,9.472723039116772,13.352817446722453
2002-04-26,-4.06946300615193,-31.333701440263,7.741303088651931,12.528120905498183
2002-04-27,-4.132453594616278,-31.421414550753607,7.198216775288713,11.549728141956049
2002-04-28,-4.735941177656281,-29.815114337906067,6.749860937699577,13.21663359710218
2002-04-29,-3.8849392412910517,-29.552331323932403,7.7160991151801035,13.263215224165338
2002-04-30,-4.710537978232526,-29.791019365603205,6.7350773051061825,14.402109570093234
2002-05-01,-4.510102465948797,-29.54719891212976,8.09403112875245,14.506895472531335
2002-05-02,-7.699000001575905,-31.754215177385547,9.80876221302185,17.531465786595422
2002-05-03,-8.60983667277525,-32.57777510717985,11.176760695451645,16.714503794557288
2002-05-04,-8.05198439364628,-33.70669586232687,11.839542731372788,17.114863922614504
2002-05-05,-6.661307323532366,-32.64316861907611,13.13403368380067,16.162850775888863
2002-05-06,-6.467184353610823,-32.30789048787243,14.213063565563825,17.891561265397097
2002-05-07,-6.70759438605123,-33.76152514514162,15.726074526856127,19.14584889009442
2002-05-08,-7.872016097362714,-32.35017110568094,15.694229286190744,19.904323206409487
2002-05-09,-8.168640861305828,-34.16152978651316,15.420097891881168,18.57040315674879
2002-05-10,-6.98326150655317,-35.11931561013941,15.919263422816298,19.11418336972283
2002-05-11,-6.070005763517163,-35.85173504217671,15.636236211941133,17.898646518555893
2002-05-12,-4.948374968202563,-36.88925782786173,16.3616560623168,17.0769489151775
2002-05-13,-4.020536950139948,-37.30864491084427,16.552786528579286,16.905683504900654
2002-05-14,-4.139588938242673,-38.4251987561968,17.841923145831014,18.88272444089881
2002-05-15,-5.385389209878417,-39.013922569894696,20.19697204423581,18.82732889155332
2002-05-16,-6.7740806362874935,-38.86706927383926,20.142055439587132,18.33318989734466
2002-05-17,-7.424947737486958,-38.16793605856258,19.398643096379438,18.10249580782793
2002-05-18,-6.498709743925285,-38.91538831796762,21.637667977741913,16.278563888712185
2002-05-19,-7.824259984609462,-38.72877938460133,21.218148922999198,16.598858358218973
2002-05-20,-9.619598197343393,-39.856749425988035,20.21957236941734,17.42999657573108
2002-05-21,-8.334034571553932,-40.59726735969889,20.169985144498664,16.631510266277704
2002-05-22,-9.157260064680125,-40.656518070778716,19.40532299601366,17.92542938451138
2002-05-23,-9.62827842424541,-41.856033450288656,19.893205693169605,18.209500239424635
2002-05-24,-7.377747775605489,-40.155540973671144,19.515032628397844,18.053564008915625
2002-05-25,-7.093357718995361,-42.031242850846915,20.379733264996386,18.026963205105943
2002-05-26,-6.1209610677427815,-42.54303995607301,20.74545462464452,17.015036895450095
2002-05-27,-6.182604000196533,-42.41286975704774,19.372441562085175,18.590997636495235
2002-05-28,-7.532087718739621,-43.57847118038232,20.484522848310164,19.476516297904276
2002-05-29,-8.254109728342074,-42.577103171588696,21.44838620953813,18.96269108586725
2002-05-30,-7.377929957143177,-43.11704723006973,22.35789498176837,19.232248391620686
2002-05-31,-8.824404119376332,-43.10329570746162,21.57855978593402,20.270135352414577
2002-06-01,-7.54017960237106,-44.26288234666104,21.44867436097708,18.850498595720993
2002-06-02,-7.773261456319729,-44.33654812628371,20.580379728621182,18.68332230611471
2002-06-03,-7.274597354041336,-45.6604268735911,17.688946321410562,19.599753786601973
2002-06-04,-5.127492857388802,-45.43335264125313,18.765722206051716,20.19774718098048
2002-06-05,-4.922063739454573,-45.500133379418294,19.628827808879677,20.242613479169698
2002-06-06,-4.944368244356389,-44.72720466394469,19.548573765541548,20.85277644793034
2002-06-07,-4.07698459210018,-45.75205710837062,21.348282208822432,20.391747147593556
2002-06-08,-3.8239675085157265,-45.56424626270495,20.996365550998732,21.65610975410756
2002-06-09,-2.8388416304381336,-47.000239314617446,21.956653052233154,21.14520481467236
2002-06-10,-4.19967396199891,-48.372191583896885,21.906455223123594,20.333044633220343
2002-06-11,-4.958134515763555,-49.22755451734177,22.637840238363676,20.034619668738365
2002-06-12,-3.71426430338116,-48.95002030045191,21.668041316806406,19.962230876950034
2002-06-13,-5.58511748785027,-48.699348709784886,21.36193431461449,18.937274948451286
2002-06-14,-6.144966124721277,-48.48521571367759,21.249571517168903,17.70489118500751
2002-06-15,-4.7456306470955045,-49.32931288178266,21.130189334941896,18.322130198152486
2002-06-16,-5.43324540635046,-50.02549549346671,22.142782987326754,18.18788981135882
2002-06-17,-3.7256183371059626,-51.23566826878282,22.357843507371513,18.53260876723578
2002-06-18,-4.584014702175286,-51.206934674585455,22.540183995588503,17.792661732320074
2002-06-19,-3.1252926602546625,-51.844535149748985,24.84943828468349,17.947777344158137
2002-06-20,-4.135443753236063,-53.18938095974726,26.629901325235743,17.813995015118486
2002-06-21,-3.595263203684238,-52.82206953947574,26.531911627517896,17.404182647240845
2002-06-22,-4.4358815651935535,-53.6772353490188,26.283038801194195,18.203590200888282
2002-06-23,-2.9657064155115958,-54.35935572442713,24.830245197030308,18.031141679333675
2002-06-24,-1.0561487349845744,-54.550454848480875,23.72077444311164,17.621632249643298
2002-06-25,-3.3393996504299412,-55.49803533065164,24.4027696122337,17.503285396458406
2002-06-26,-1.7780529736749449,-57.13626755752173,24.02467750482879,17.602578911430648
2002-06-27,-1.1851918854964416,-56.943832214779526,24.050204337975163,19.15839482075644
2002-06-28,-1.7206384895721922,-55.374649351315355,23.816842492837576,20.141652281150932
2002-06-29,-3.278200692108964,-55.15451229604271,23.499289117477797,20.359365660996733
2002-06-30,-2.2368881642805327,-55.13742408567079,24.25908511534258,20.07366264298507
2002-07-01,-2.933733966802813,-53.97767790909907,23.483065090887237,17.809835326849473
2002-07-02,-0.8332164621443301,-53.83724255613042,22.990740466680197,16.776123551883366
2002-07-03,-0.9665471821861626,-55.260933083641454,24.60891911839527,16.64113813076525
2002-07-04,-1.9754466314699641,-54.561420322723265,25.547240630126165,14.951178135934747
2002-07-05,-2.591226241289706,-55.33106383389501,26.246890436064948,15.869674739217276
2002-07-06,-0.33765050626692794,-55.94282911947383,26.13574239998791,15.688238764488315
2002-07-07,-1.1482575982475571,-55.596995290912915,26.639528348123076,17.066765723371777
2002-07-08,-0.9139063576009588,-54.35815819429395,26.041286211105835,17.412523491566496
2002-07-09,-2.2879907589895425,-53.48856256718312,25.830372854350546,16.456478115358713
2002-07-10,-0.8665839605645436,-53.77637358635757,24.505924209452495,17.101955608226756
2002-07-11,-0.5658526652877784,-54.822036804009194,23.985647711811783,17.74306302101704
2002-07-12,-0.8397073221109359,-55.6216855711066,22.487532071561066,16.478556822829923
2002-07-13,-1.401319878101642,-55.440000337113034,22.279037074870736,15.739933479976767
2002-07-14,1.9458096225110775,-56.491223956902324,23.8057362762017,15.848918061465996
2002-07-15,2.624009602899311,-57.66173412665475,24.010183902611345,14.907229895314515
2002-07-16,1.9037525931362966,-58.180510677474,22.668363279662593,15.40715870837647
2002-07-17,3.4353157770577165,-57.84914840975811,22.149641038269838,16.17793255509284
2002-07-18,1.3309332295200154,-56.854468671112684,22.95451787455183,15.697856149231672
2002-07-19,1.120218863901926,-56.8087954984531,23.463385141100954,16.65099260390672
2002-07-20,1.4857542823605923,-58.56208019517177,20.903663999709437,14.720062551306858
2002-07-21,1.0215639716035354,-56.60340026499312,21.640936599016463,13.917922543597516
2002-07-22,-0.05411948562126745,-57.16392955050943,20.254527783520153,13.845188567277775
2002-07-23,-0.5289021172900884,-58.96663559312808,19.17616113820548,13.558474849986306
2002-07-24,-1.5843963306591604,-59.07342588026115,20.117142992320435,15.310988764904891
2002-07-25,-2.0820881063948806,-59.927849021323375,21.741353369034726,17.55468254571121
2002-07-26,-0.7441668883524821,-60.25115687647145,21.729753528587466,17.310710091520185
2002-07-27,-3.0691863030993733,-61.92662468165618,21.36436440155386,17.281574672756474
2002-07-28,-4.227044451945769,-62.49694299695164,19.097945403179562,16.78719066525795
2002-07-29,-3.9237292893786395,-62.90138318159729,19.93696888334272,15.40424659556477
2002-07-30,-3.2954879822008873,-64.86190990547362,17.43171296154814,15.795223980700134
2002-07-31,-2.050751647205888,-65.2280663530957,16.335170689293633,16.785677226050204
2002-08-01,-1.84827024850254,-62.62233371234017,15.334192865043214,17.193513622753752
2002-08-02,-2.110688928215256,-62.8221551133247,15.359625964170528,19.608560637859842
2002-08-03,-2.822793382677017,-62.757587758657955,16.641209366274555,21.135821927544118
2002-08-04,-1.8231284485052186,-62.60035696376345,19.298407583908986,19.86745847264617
2002-08-05,-1.9678099881930216,-62.52204643119216,21.356754490526125,19.563137769154242
2002-08-06,-3.0017359844064493,-62.671494341007474,21.384390815276323,19.919612684769458
2002-08-07,-3.123247319810105,-62.24546616668464,20.915126802807258,21.088363631122977
2002-08-08,-3.046785966215802,-62.48766231879455,22.508345651280838,21.173607182318964
2002-08-09,-3.643296216534992,-62.51710117087158,23.480283798569435,20.132300028847766
2002-08-10,-3.574051809641676,-62.443579160944736,25.676836975730055,19.680639243561274
2002-08-11,-3.089505822437946,-62.24847527895865,24.775406881004816,19.528832340381207
2002-08-12,-3.9330843723343034,-61.293084892734285,27.189370172506262,19.685632490826972
2002-08-13,-5.311859578894632,-61.02887061437776,26.3912364128022,18.30387581403259
2002-08-14,-4.518103877396936,-60.94177635466643,27.68693026664122,17.9973947380572
2002-08-15,-3.6692376161668023,-59.22834526711884,26.079821679867024,16.825302788417094
2002-08-16,-4.278851419653644,-59.94020846372482,26.351225561033946,16.291033039301496
2002-08-17,-2.5463441642256246,-60.13489969084762,28.010214444268435,16.58234540785951
2002-08-18,-4.060732513252021,-60.80086874862143,28.073625369635078,17.363998787556586
2002-08-19,-4.467244416320722,-60.59459334246975,27.652401530929563,16.824219883249445
2002-08-20,-5.853469652360486,-58.865439443561854,29.56295209073363,16.010886510991053
2002-08-21,-6.5685112967055925,-61.2459668354,30.429505729039086,17.30250998244789
2002-08-22,-5.72560204101924,-61.56912854216636,30.99149008950112,15.073751709026258
2002-08-23,-6.072082132324941,-61.42345902152394,29.67957940476628,14.199047598650894
2002-08-24,-7.460305402803957,-60.356560231661355,30.19253723641579,13.076054472281953
2002-08-25,-7.488853054303588,-60.134571501102954,29.779455156954352,12.00059862714866
2002-08-26,-7.1562776355430175,-59.98862244463672,27.733514687083208,13.24754801636053
2002-08-27,-4.912351330221402,-59.54024019510311,28.117041417795303,13.739329859897579
2002-08-28,-4.768364375442442,-58.359671093463426,30.982615635688223,13.690343973680793
2002-08-29,-4.704998168490437,-56.93251062252351,31.485920568116345,12.901248184733651
2002-08-30,-6.221862648845464,-58.06232707828035,32.789133006620034,12.899113265446868
2002-08-31,-5.977429293911001,-59.15147621334559,32.956186722572376,14.180782793582937
2002-09-01,-3.7993548987467687,-58.38822301474843,33.208793807823746,15.890954275364198
2002-09-02,-2.5926754384200104,-59.44097991522028,34.70005676844372,15.327117763495945
2002-09-03,-1.9331711471671928,-60.50390692545622,35.419516638771455,14.47198625670246
2002-09-04,-1.5489516554329656,-60.38045054819244,35.342175013448305,13.83561838895234
2002-09-05,-3.025654251512355,-61.21736837077141,33.991424320209376,13.603066968030097
2002-09-06,-3.2374411573792163,-60.16826573568817,33.58611025943257,14.847062545869687
2002-09-07,-2.3269362347964577,-60.38744926689969,32.71732975124109,15.605642761168534
2002-09-08,-2.3318897060479618,-62.20996095011228,31.9213247387266,15.968863862054155
2002-09-09,-3.1139860307446683,-62.8432237735577,33.619026276571965,14.217840154695606
2002-09-10,-1.260674668663344,-62.47813696565044,33.207949156873255,13.687568521601774
2002-09-11,-2.04401818006688,-63.4313849487065,33.72003595283392,13.633048576829529
2002-09-12,0.5880838110031354,-63.307370132665575,32.67223151088058,13.802888336510609
2002-09-13,0.38060167423551183,-61.87013355172242,33.299644181431006,12.49209374857385
2002-09-14,1.4834446807912636,-61.20872184955896,32.71246636836943,12.305551830805282
2002-09-15,0.6911396822810089,-60.867020956161134,33.625208495511735,10.489073621228513
2002-09-16,2.0732613429749662,-60.39613400282917,32.93570067598194,10.662713308601587
2002-09-17,0.4105525190578323,-59.50975644114134,33.27549102115271,10.377966062732805
2002-09-18,-0.8402265410947383,-60.23098828379243,31.715016030318047,10.670086957094087
2002-09-19,-1.456624960668052,-60.657910304908825,30.750547530155742,10.089473409466615
2002-09-20,-2.3923581251709125,-60.790865132743214,29.606478219722973,8.495397796784586
2002-09-21,-2.211341915030992,-59.7240867695336,28.908988486079114,9.34082593227325
2002-09-22,-0.25193650829153147,-58.16975771639587,30.41230096797344,10.332032777611031
2002-09-23,-0.9441433144880568,-57.59271566478134,33.60331854391241,10.822946301581085
2002-09-24,-1.3393976159350025,-57.36454521816871,32.19188680998766,9.921940957454805
2002-09-25,0.025854983581040658,-57.55740680828914,32.14836826334767,7.907194287663859
2002-09-26,-0.22758969716375194,-56.32758144587695,30.477486774178523,8.481975778898887
